"","V1"
"CCAGCAGCTGCGGTAATTCCAGCTCCAATAGCGTATATTAAAGTTGTTGCGGTTAAAAAGCTCGTAGTTGGATTTCTGCTGAGGACGACCGGTCCGCCCTCTGGGTGAGTATCTGGCTTGGCCTTGGCATCTTCTTGGAGAACGTAGCTGCACTTGACTGTGTGGTGCGGTATCCAGGACTTTTACTTTGAGGAAATTAGAGTGTTTCAAGCAGGCACACGCCTTGAATACATTAGCATGGAATAATAAGATAGGACCTTGGTTCTATTTTGTTGGTTTCTAGAGCTGAGGTAATGATTAATAGGGATAGTTGGGGGCATTCGTATTTAACTGTCAGAGGTGAAATTCTTGGATTTGTTAAAGACGGACTACTGCGAAAGCATTTGCCAAGGATGTTTTCATTGATCAAGAACGAAAGT",231
"CCAGCAGCTGCGGTAATTCCAGCTCCAATAGCGTATATTAAAGTTGTTGCGGTTAAAAAGCTCGTAGTTGGATTTCTGCTGAGGACGACCGGTCCGCCCTCTGGGTGAGCATCTGGCTCGGCCTCGGCATCTTCTTGGAGAACGTAACTGCACTTGACTGTGTGGTGCGGTACTCAAGACTTTTACTTTGAGGAAATTAGAGTGTTTCAAGCAGGCGCATGCCTTGAATACATTAGCATGGAATAATGAGATAGGACCTTGGTTCTATTTTGTTGGTTTCTAGAGCTGAGGTAATGATTAATAGGGATAGTTGGGGGCATTCGTATTTAACTGTCAGAGGTGAAATTCTTGGATTTGTTAAAGACGGACTACTGCGAAAGCATTTGCCAAGGATGTTTTCATTGATCAAGAACGAAAGT",34
"CCAGCACCTGCGGTAATTCCAGCTCCAATAGCGTATATTAAAGTTGTTGCGGTTAAAAAGCTCGTAGTTGGATTTCGGCGATCAGGGGCCGGTGATATATTTGTATCTACTGGCCCATTTGGTCGTATTTTTGAAAGAGGGTTTGGGGTCCCCTTCACTGGGTGTCCTAGGTCGCTTTCAGGTTTACTTTGAAAAAATTAGAGTGCTCAAAGCAGGCTTTAACGCTTGAATATTCGTGCATGGAATAATAGAATAGGAAGTTCGTTTCTATTTTGTTGGTTTTAGGATAACGACTTAATGATTAATAGGGACAATCGGGGGAATTAGTATTCAAACGACAGAGGTGAAATTCTTGGACCGTTTGAAGACTAACTACTGCGAAAGCATTTTCCAAGAGTGTTTTCATTAATCAAGAACGAAAGT",22
"CCAGCAGCTGCGGTAATTCCAGCTCCAATAGCATATATTAAAGTTGTTGCGGTTAAAAAGCTCGTAGTTGGATTTCTGCTGAGGACGATCGGTCCGCCCTCTGGGTGAGTATCTGGCTCGGCCTTTGCATCTTCTTGAAGAACGTAACTGCACTTGACTGTGTGGTGCGGTATGCAAGACTTTTACTTTGAGGAAATTAGAATGTTTGAAGTAGGCACATGCCTTGAATACATTAGCATGGAATAATGAGATAGGACCTTGGCTCTATTTTGTTGGTTTCTAGAATTGAGGTAATGATTAATAGGGATAGTTGGGGGCATTCGTATTTAACTGTCAGAGGTGAAATTCTTGGATTTGTTAAAGACGGACTACTGCGAAAGCATTTGCCAAGGATGTTTTCATTGATCAAGAACGAAAGT",21
"CCAGCAGCCGCGGTAATTCCAGCTCCAATAGCGTATATTAAAGCTGTTGCGGTTAAAAAGCTCGTAGTTGGACTTCTGCTGAGGACGACTGGTCTGCCCTCTGGGTGAGTATCTGGTTCGGCCGAAGCATCTTCTTGGAGGTTGCAAGCGCACTTCATTGTGTGGTGCAACCGACTGGAATTTTACTTTGAGGAAATTAGAGTGTTCAAGGGAGGCGAACGCCTCGCATAGGTTAGCATGGAATAATGCTGTAAGACCATGGTATTGCTGTGTTGGTTTCTATCACCTAAGGTAATGATAAACAGGGATAGTTGGGGGCATTCGTATTTAACTGTCAGAGGTGAAATTCTTGGATTTGTTAAAGACGAACGACTGCGAAAGCATTTGCCAAGGATGTTTTCATTGATCAAGAACGAAAGT",20
"CCAGCAGCCGCGGTAATTCCAGCTCCAATAGCGTATATTAAAGTTGTTGTGGTTAAAAAGCTCGTAGTTGGATCTCAACAGTCTTGAAGCGGTCAACTTTGTAGTTGTACTGCTTTGTAGACTGTGCTTTTGCTGGAGGTTTAGGGGTGCTCTTAATCGAGTGTCTCTGGATGCCAGCAGGTTTACTTTGAAAAAATTAGAGTGCTCAAAGCAGGCTAAAATGCCTGAATATTCGTGCATGGAATAATAGAATAGGATGTCGATCCTATTTTGTTGGTTTTCGGGACTTGACATAATGATTAATAGGGACAGTCGGGGGCATTTGTATTCAAACGACAGAGGTGAAATTCTTGGACCGTTTGAAGACAAACTACTGCGAAAGCATTTGCCAAGAATGTTTTCATTAATCAAGAACGAAAGT",18
"CCAGCACCTGCGGTAATTCCAGCTCCAATAGCGTATATTAAAGTTGTTGTGGTTAAAAAGCTCGTAGTTGGATCTCAACAGTCTTGAAGCGGTCAACTTTGTAGTTGTACTGCTTTGTAGACTGTGCTTTTGCTGGAGGTTTAGGGGTGCTCTTAATCGAGTGTCTCTGGATGCCAGCAGGTTTACTTTGAAAAAATTAGAGTGCTCAAAGCAGGCTAAAATGCCTGAATATTCGTGCATGGAATAATAGAATAGGATGTCGATCCTATTTTGTTGGTTTTCGGGACTTGACATAATGATTAATAGGGACAGTCGGGGGCATTTGTATTCAAACGACAGAGGTGAAATTCTTGGACCGTTTGAAGACAAACTACTGCGAAAGCATTTGCCAAGAATGTTTTCATTAATCAAGAACGAAAGT",15
"CCAGCAGCCGCGGTAATTCCAGCTCCAATAGCGTATATTAAAGTTGTTGCAGTTAAAAAGCTCGTAGTTGGATTTTTGGCGGATGCTGCTGTCCAATTTGGTACAAGCGGTGGCTGCCATGTTTGAGTGGAGCTTGTCTGGCATTAGGTTGTCGGGCAGGGGAGGCTCATCGTTTACTGTGAAAAAATTAGAGTGTTCCAAACAGGCTTATGCCGTTGAATATATTAGCATGGAATAATGAGATAGGACTTTGGTACTATTTTGTTGGTTTGCGCACCGAAGTAATGATTAACAGGGACAGTTGGGGGTATTCGTATTCCATTGTCAGAGGTGAAATTCTTGGATTTCTGGAAGACGAACTACTGCGAAAGCATTTACCAAGGATGTTTTCATTAATCAAGAACGAAAGT",10
"CCAGCACCTGCGGTAATTCCAGCTCCAATAGCGTATATTAAAGTTGTTGCAGTTAAAAAGCTCGTAGTCCGATTTCTGGTTTAAAGGATCTGTCTTGCCTCACGGCAAGAACTGTGTCCCTTGAACCATCCTTGGACGGATCCTACCTGGTATTAACTTATTGGGTTGGCTAAGTTCATCATTTACTGTGAGAAAATTAGGGTGTTCAAAGCAGGCTTATGCCTGAATATATTAGCATGGAATAACAATATAGGACCTCGGTACTATTTTGTTGGTTTGCGCACTGGGGTAATGGTCAATAGGGATAGATTGTGGGTATTGGTATTCCAGTGTCAGAGGTGAAATTCTTAAATTACTGGAAGACTAACTACTGCGAAAGCATTTACCAAGGATGTTTTCATTGATCAAGAACGAAAGT",5
"CCAGCAGCCGCGGTAATTCCAGCTCCAATAGCGTATATTAAAATTGTTGCGGTTAAAACGCTCGTAGTTGGATATTTGTTATGGACGGTCGGTCTACCCCAGTGGTCAGTACTTCGACTCGTTTCAAACACATTTCTGGAGGAAGTGTTTGCACTTGATTGTGTTGCACGTGCTCCGTGACATTTACTTTGAGGAAATGAGAGTGTTTCAAGCAGACATCTGTCGTGAATGCGCTAGCATGGAATAATAGCATGGGACCATTGCTTGACACTGTTGGTCTTGGGCTGTGGTAATAAAAATAGGAGCAGTTGGGGGTATTCGTATTTAACTGTCAGAGGTGAAATTCTTGGATTTTTTGAAGACGGACCACTGCGAAAGCATCTACCCGGGATGTTTCTTTTGATCAAGAACGAAAGT",4
"CCAGCAGCTGCGGTAATTCCAGCTCCAATAGCGTATGTTAAAGTTGTTGCGGCTAAAAAGCTCGTAGTTGGATTTCTGTTGGTGACATCTGGTCCGCTCTACGAGCGTGCATCTAGAATGGCGCCGGCATCCGCTTAAGATACGTGTCTGCGCTTGATTGCGTGGCGCGGAACTTGAGCCTTTTACTTTGAGGAAATTAGAGTGTTCACGGCAGGCTTTCGCCTTGAATATATTAGCATGGAATAATAATAGGATCTTGGTTCTATTTTGTTGGTTTCTAGAGCTAAGATAATGATTAATAGGGACAATTGGGGGCATTCGTATTGCGGTGTCAGAGGTGGAATTCTTGGATTACTGCACGACGAACTACTGCGAAAGCATTTGCCAAGGATGTTTTCATTGATCAAGAACGAAAGT",2
