sequence,taxonomy
TGATCCCCTAACTTTCGTTCTTGATCAATGAAAACATCCTTGGCAAATGCTTTCGCATTAGTTAGTCCTTAATAAATCCAAGAATTTCACCTCTGACTATTAAATACTAATGCCCCCAACTGTCCCTATTAATCATTACTAAATCCAAGAACCAATAAAATGGACCTAGTCCTATTCCATTATTCCATGCTAATGTATACGGGCTAAAACCTGCCTGAAACACTCTAATTTTTTCACAGTAAAATGTCTACTTACTAAGTTGAACCATTAAAGGCCGATTTT,Eukaryote
CGAACCTCCGACTTTCGTTCTTGATTAATGAAAACATTCTTGGCAAATGCTTTCGCTCTGGTCCGTCTTGCGCCGGTCCAAGAATTTCACCTCTAGCGGCGCAATACGAATGCCCCCGGCCGTCCCTCTTAATCATGGCCTCAGTTCCGAAAACCAACAAAATAGAACCGCGGTCCTATTCCATTATTCCTAGCTGCGGTATCCAGGCGGCTCGGGCCTGCTTTGAACACTCTACTTTTTTCAAAGTAACCGCTTCTGGCCCCGCGGGACCCCCCGCTCACA,Eukaryote
CGAACCTCCGACTTTCGTTCTTGGTTAATGAAAACATTCTTGGCAAATGCTTTCGCTCTGGTCCGTCTTGCGCCGGTCCAAGAATTTCACCTCTAGCGGCGCAATACGAATGCCCCCGGCCGTCCCTCTTAATCATGGCCTCAGTTCCGAAAACCAACAAAATAGAACCGCGGTCCTATTCCATTATTCCTAGCTGCGGTATCCAGGCGGCTCGGGCCTGCTTTGAACACTCTAATTTTTTCAAAGTAAACGCTTCGGGCCCCGCGGGACACTCAGCTAAGG,Eukaryote
TGATCCCCTAACTTTCGTTCTTGATCAATGAAAACATCCTTGGCAAATGCTTTCGCATTAGTTAGTCCTTAATAAATCCAAGAATTTCACCTCTGACTATTAAATACTAATGCCCCCAACTGTCCCTATTAATCATTACTAAATCCAAGAACCAATAAAATGGACCTAGTCCTATTCCATTATTCCATGCAAATGTATACGGGCTAAAACCTGCCTGAAACACTCTAATTTTTTCACAGTAAAATGTCTACTTACTAAGTCGAACCCTAAAAGGCCGTTTTT,Eukaryote
CGATCCCCTAACTTTCGTTCTTGATTAATGAAAACGTCCTTGCCAAATGCTTTCGCATAAGTTAGTCTTGCAGAAATCCAAGAATTTCACCCCTGACACTGCAGTACTAATGGCCCCAACCGTCCCTATTAATCATTACCTCGGTTCAGCTAACCAACAGAAACAGAACCAAGGTCCTATTCTATTATTCCATGCTAATGTATTCAAGCAAACGCCTGCTTTAAACACTCTAATTTTTTCAAAGTAAAAGTCCTAGCTCCCCAAGGCACTCAGTAAAGAGCA,Eukaryote
CGAACCTCCGACTTTCGTTCTTGATTAATGAAAACATTCTTGGCAAATGCTTTCGCTCTGGTCCGTCTTGCGCCGGTCCAAGAATTTCACCTCTAGCGGCGCAATACGAATGCCCCCGGCCGTCCCTCTTAATCATGGCCTCAGTTCCGAAAACCAACAAAATAGAACCGCGGTCCTATTCCATTATTCCTAGCTGCGGTATCCAGGCGGCTCGGGCCTGCTTTGAACCCTCTAATTTTTTCAAAGTAAACGCTTCGGGCCCCGCCGGACACTCAGCTAAGG,Eukaryote
CGATCCCCTAACTTTCGTTCTTGATCAATGAAAGCATCCTTGGCAAATGCTTTCGCAGTCGTTCAAATTACGGCAGCTGCTGGCATCAGACTTGCCCTCTGTCTCTCATACACCTCTGACTCTGCCGACGAAACATCACTTGTATTTCCGGACGGTCGCCGAAATATAAACAAAATCCTAGATCATTATTCCATGCTAATATATTCAAGGCGATTGCCTGCTTTGCACACTCTAATTTTCCCCAAGTAAACGACTCATACCTCATATCAAACCAGTGCAAG,Eukaryote
CGAACCTCCGACTTTCGTTCTTGATTAATGAAAACATTCTTGGCAAATGCTTTCGCTCTGGTCCGTCTTGCGCCGGTCCAAGAATTTCACCTCTAGCGGCGCAATACGAATGCCCCCGGCCGTCCCTCTTAATCATGGCCTCAGTTCCGAAAACCAACAAAATAGAACCGCGGTCCTATTCCATTATTCCTAGCTGCGGTATCCAGGCGGCTCGGGCCTGCTTTGAACACTCTAATTTTTTCAAATTAAACGCTTCGTGCCCCGCGGGACCCCCAGCTAAGA,Eukaryote
CGAACCTCCGACTTTCGTTCTTGATTAATGAAAACATTCTTGGCAAATGCTTTCGCTCTGGTCCGTCTTGCGCCGGTCCAAGAATTTCACCTCTAGCGGCGCCATACGAATGCCCCCGGCCGTCCCTCTTAATCATGGCCTCAGTTCCGAAAACCAACAAAATAGAACCGCGGTCCTATTCCATTATTCCTAGCTGCGGTATCCAGGCGGCTCGGGCCTGCTTTGAACCCTCTAATTTTTTCAAAGTAAAACCTTCGGGCCCCGCGGGACACTCAGCTACG,Eukaryote
CGATCCCCTAACTTTCGTTCTTGATCAATGAAAACATCCTTGGCAAATGCTTTCGCATAAGTCCGTCTTTAACAAATCCAAGGATTTCACCTCTGACAGTTAAATACGAATGCCCCCAACTGTCCCTCTTAATCATTACCTCCGCTCTATAAACCAACAAAATAGAACCGAAGTCCTATCTTATTATTCCATGCTAGTGTATTCAAGGCAAGGGCCTGCTTGATACATCTCTATTTTCTCTAAATAAAAGTCCTGCACACCACACCCCAAAGCCAATTGCAG,Eukaryote
TGATCCCCTAACTTTCGTTCTTGATTAATGAAAACATCTTTGGCAAATGCTTTCGCATTAGTTAGTCCTTAATAAATCCAAGAATTTCACCTCTGACTATTAAATACTAATGCCCCCCAACTGTCCCTATTAATCATTACTACATCCAAGAACCAATAAAAAAGCCCTAGTCCTATTCCATAACTCCAAGCTAATGTATACATGCTAAAACCTGCCTGAAACAATCTAATTTTTTCACAGTAAAATGATTACTTACTAAGTCGAACCAGTACAGGCCGAGTTT,Eukaryote
CGATCCCCTAACTTTCGTTCTTGATTAATGAAAACGTCCTTGCCAAATGCTTTCGCATAAGTTAGTCTTGCAGAAATCCAAGAATTTCACCTCTGACACTGCAGTACTAATGGCCCCAACCGTCCCTATTAATCATTACCTCGGTTCAGCTAACCAACAGAAACAGAACCAAGGTCCTATTCTATTATTCCATGCTAATGTATTCAAGCGAATGCCTGCTTTAAACACTCTAATTTTTTCAAAGTAAAAGTCCTAGCTCCCCAAGGCACCAAGTAAAGAGCA,Eukaryote
TGATCCCCTAACTTTCGTTCTTGATTAATGAAAACATCTTTGGCAAATGCTTTCGCATTAGTTAGTCCTTAATAAATCCAAGAATTTCACCTCTGACTATTAAATACTAATGCCCCCAACTGTCCCTATTAATCATTACTAAATCCAAGAACCAATAAAATGGACCTAGTCCTATTCCATTATTCCATGCTAATGTATACGGGCTAAAACCTGCCTGAAACGCTCTAATTTTTTCACAGTAAAATGTCTACTTACTAAGTCGCACCAGTAAAGGACGATTTT,Eukaryote
CGATCCCCTAACTTTCGTTCTTGATTAATGAAAACATCCTTGACAAATGCTTTCGCAGTAGTTAGTCTTTCAGAAATCCAAGAATTTCACCTCTAGCACTGAAATACTAATGTCCCCAACTGTCCCTATTAATCATTACCTTGGTCCTAGAAACCAACAAAATAGAACCAAAATCCTATTTTATTATTCCATGCTAATGTATTCAAGCGTAAGCTTGCTTTGAACACTCTAATTTTTTCAAAGTAAAATTCCTGGTTCTCAGTCCCACCCGTTTAAAGGCAG,Eukaryote
CGATCCCCTAACTTTCGTTCTTGATTAATGAAAACGTCCTTGCCAAATGCTTTCGCATAAGTTAGTCTTGCAGAAATCCAAGAATTTCACCTCTGACACTGCAGTACTAATGGCCCCAACCATCCCTATTAATCATTGCCGCGGTTCAGCCAACCAACAGAAACAGAACCAAGGTCCTATTCGTTTATTCCATGCTACTGTATTCAAGCACATGCCTGATTTAAACCATCTACTTTTTTCCAGATAAAAGTCCTGGTCCCCCAAGGCACTCAGTAAAGAGCA,Eukaryote
CGATCCCCCGACTTTCTTTCTCGATTAATGAAAACATCCTAGGCAAATGCTTTCGCCCGGGCCCGTCTTGCGCCGGACCACGAATTTCACCTCTACCTGCTCATGTCGAATGCCCCTGGCCCTCCCTCTAAATCATTGCTTTATCTCCGTAAAATAACCAAGTTCAGCCCCGGCACATGTCCTTTCGTCCTTGCTGCGGCCACCCGGCGCCCCCGTCCCGTATTCACCACTCCCATTTTTTCAAAATAAGCGCGTCCGGCCCCCCGGGGCCCGCCTACTAAG,Eukaryote
CGATCCCCTACTTTTGGTTCTTGTCAATTAAAACCATATTGGGAAATTGCTTTCCCGGAAGCCCGTTTTTACTAAATCAAGGATTTTAACCCCTGCCTTTAAATACCGATTCCCCCAACTTATCCCAATTAGCCATTACTCCGCCCTAAAAACCAACAAGTTACAGCAAGGGTCCGATATAATTATTCCATGCTACCATGTTCGAGCCATGTCCCCGCCGGAAACACTCTATTTTCCCCAAAGTAAAATTCCTGGCTACCTCCCCCCCCATACACATCCAC,Eukaryote
CGATCCCCTAACTTTCGTTCTTGATTAATGAAAACGTCCTTGCCAAATGCTTTCGCATAAGTTAGTCTTGCAGAAATCCAAGAATTTCACCTCTGACACTGCAGTACTAATGGCCCCAACCGTCCCTATTAATCATTACCTCGGTTCAGCTAACCAACAGAAACAGAACCAAGGTCCTATTCTATTATTCCATGCTAATGTATTCAAGCAAATGCCTGCTTTAAACACTCTGATTTTTTCAAAGTAAAAGTCCTAGCTCCCCAAGGCACTCAGTAAAGAGCA,Eukaryote
CGATCCCCCAACTTTCGTTCTTGATAAAAGAAGACATCCTTGCCGAATGCTTTCGCAGAAGTTTGTCTTCAACGAATCCAAGAATTTCACCTCTGGCTGTTGAATACAAACACCCCCAACTGTCTCTATCAATCATTACTTCAGTTACAAAAACCAACAAAATAAAACCGAAGTCCTTTCTTATTATTCCATGCTAACTTATTCAAGGCATGTGACTTGTTTTGAAACCATTATTTTTCCAAAATAAATGTATCAGTACCTCGACACTACCAAATTCATGAA,Eukaryote
CGATCCCCTAACTTTCGTTCTTGATTAATGAAAACGTCCTTGCCAAATGCTTTCGCATAAGTTAGTCTTGCAGAAATCCAAGAATTTCACCTCTGACATTGCAGTACTAATGGCCCCAACCGTCCCTATTAATCATTACCTCGGTTCAGCTAACCAACAGAAACAGAACCAAGGTCCTATTCTATTATTCCATGCTAATGTATTCAAGCAAATGCCTGCTTTAAACACTCTAATTTTTTCAAAGTAAAAGTCCTAGCTCCCCAAGGCACTCAGTAAAGAGCA,Eukaryote
CGATCCCCTAACTTTCGTTCTTGATTAATGAAAACGTCCTTGCCAAATGCTTTCGCATAAGTTAGTCTTGCAGAAATCCAAGAATTTCACCTCTGACACTGCAGTACTAATGGCCCCAACCGTCCCTATTAATCATTACCTCGGTTCAGCTAACCAACAGAAACAGAACCAAGGTCCTATTCTATTATTCCATGCTAATGTATTCAAGCAAATGCCTGCTTTAAACACTCTGATTTTTTCAAAGTAAAAGTCCTAGCTCCCCAAGGCACTCAGTAAAGAGCA,Chytridiomycota
CGATCCCCTAACTTTCGTTCTTGATTAATGAAAACGTCCTTGCCAAATGCTTTCGCATAAGTTAGTCTTGCAGAAATCCAAGAATTTCACCTCTGACACTGCAGTACTAATGGCCCCAACCGTCCCTATTAATCATTACCTCGGTTCAGCTAACCAACAGAAACAGAACCAAGGTCCTATTCTATTATTCCATGCTAATGTATTCAAGCGAATGCCTGCTTTAAACACTCTAATTTTTTCAAAGTAAAAGTCCTAGCTCCCCAAGGCACCAAGTAAAGAGCA,Chytridiomycota
CGATCCCCTAACTTTCGTTCTTGATTAATGAAAACGTCCTTGCCAAATGCTTTCGCATAAGTTAGTCTTGCAGAAATCCAAGAATTTCACCTCTGACATTGCAGTACTAATGGCCCCAACCGTCCCTATTAATCATTACCTCGGTTCAGCTAACCAACAGAAACAGAACCAAGGTCCTATTCTATTATTCCATGCTAATGTATTCAAGCAAATGCCTGCTTTAAACACTCTAATTTTTTCAAAGTAAAAGTCCTAGCTCCCCAAGGCACTCAGTAAAGAGCA,Chytridiomycota
CGATCCCCTAACTTTCGTTCTTGATTAATGAAAACGTCCTTGCCAAATGCTTTCGCATAAGTTAGTCTTGCAGAAATCCAAGAATTTCACCTCTGACACTGCAGTACTAATGGCCCCAACCATCCCTATTAATCATTGCCGCGGTTCAGCCAACCAACAGAAACAGAACCAAGGTCCTATTCGTTTATTCCATGCTACTGTATTCAAGCACATGCCTGATTTAAACCATCTACTTTTTTCCAGATAAAAGTCCTGGTCCCCCAAGGCACTCAGTAAAGAGCA,Chytridiomycota
CGATCCCCTAACTTTCGTTCTTGATTAATGAAAACGTCCTTGCCAAATGCTTTCGCATAAGTTAGTCTTGCAGAAATCCAAGAATTTCACCCCTGACACTGCAGTACTAATGGCCCCAACCGTCCCTATTAATCATTACCTCGGTTCAGCTAACCAACAGAAACAGAACCAAGGTCCTATTCTATTATTCCATGCTAATGTATTCAAGCAAACGCCTGCTTTAAACACTCTAATTTTTTCAAAGTAAAAGTCCTAGCTCCCCAAGGCACTCAGTAAAGAGCA,Chytridiomycota
CGAACCTCCGACTTTCGTTCTTGATTAATGAAAACATTCTTGGCAAATGCTTTCGCTCTGGTCCGTCTTGCGCCGGTCCAAGAATTTCACCTCTAGCGGCGCAATACGAATGCCCCCGGCCGTCCCTCTTAATCATGGCCTCAGTTCCGAAAACCAACAAAATAGAACCGCGGTCCTATTCCATTATTCCTAGCTGCGGTATCCAGGCGGCTCGGGCCTGCTTTGAACACTCTACTTTTTTCAAAGTAACCGCTTCTGGCCCCGCGGGACCCCCCGCTCACA,Rhizoclosmatium sp.
CGAACCTCCGACTTTCGTTCTTGATTAATGAAAACATTCTTGGCAAATGCTTTCGCTCTGGTCCGTCTTGCGCCGGTCCAAGAATTTCACCTCTAGCGGCGCAATACGAATGCCCCCGGCCGTCCCTCTTAATCATGGCCTCAGTTCCGAAAACCAACAAAATAGAACCGCGGTCCTATTCCATTATTCCTAGCTGCGGTATCCAGGCGGCTCGGGCCTGCTTTGAACACTCTACTTTTTTCAAAGTAACCGCTTCTGGCCCCGCGGGACCCCCCGCTCACA,Rhizoclosmatium sp.
CGAACCTCCGACTTTCGTTCTTGATTAATGAAAACATTCTTGGCAAATGCTTTCGCTCTGGTCCGTCTTGCGCCGGTCCAAGAATTTCACCTCTAGCGGCGCAATACGAATGCCCCCGGCCGTCCCTCTTAATCATGGCCTCAGTTCCGAAAACCAACAAAATAGAACCGCGGTCCTATTCCATTATTCCTAGCTGCGGTATCCAGGCGGCTCGGGCCTGCTTTGAACACTCTACTTTTTTCAAAGTAACCGCTTCTGGCCCCGCGGGACCCCCCGCTCACA,Rhizoclosmatium sp.
CGAACCTCCGACTTTCGTTCTTGATTAATGAAAACATTCTTGGCAAATGCTTTCGCTCTGGTCCGTCTTGCGCCGGTCCAAGAATTTCACCTCTAGCGGCGCAATACGAATGCCCCCGGCCGTCCCTCTTAATCATGGCCTCAGTTCCGAAAACCAACAAAATAGAACCGCGGTCCTATTCCATTATTCCTAGCTGCGGTATCCAGGCGGCTCGGGCCTGCTTTGAACACTCTACTTTTTTCAAAGTAACCGCTTCTGGCCCCGCGGGACCCCCCGCTCACA,Rhizoclosmatium sp.
CGAACCTCCGACTTTCGTTCTTGATTAATGAAAACATTCTTGGCAAATGCTTTCGCTCTGGTCCGTCTTGCGCCGGTCCAAGAATTTCACCTCTAGCGGCGCAATACGAATGCCCCCGGCCGTCCCTCTTAATCATGGCCTCAGTTCCGAAAACCAACAAAATAGAACCGCGGTCCTATTCCATTATTCCTAGCTGCGGTATCCAGGCGGCTCGGGCCTGCTTTGAACACTCTACTTTTTTCAAAGTAACCGCTTCTGGCCCCGCGGGACCCCCCGCTCACA,Rhizoclosmatium sp.
