sequences,taxonomy
TGATCCCCTAACTTTCGTTCTTGATCAATGAAAACATCCTTGGCAAATGCTTTCGCATTAGTTAGTCCTTAATAAATCCAAGAATTTCACCTCTGACTATTAAATACTAATGCCCCCAACTGTCCCTATTAATCATTACTAAATCCAAGAACCAATAAAATGGACCTAGTCCTATTCCATTATTCCATGCTAATGTATACGGGCTAAAACCTGCCTGAAACACTCTAATTTTTTCACAGTAAAATGTCTACTTACTAAGTTGAACCATTAAAGGCCGATTTT,Eukaryote
CGAACCTCCGACTTTCGTTCTTGATTAATGAAAACATTCTTGGCAAATGCTTTCGCTCTGGTCCGTCTTGCGCCGGTCCAAGAATTTCACCTCTAGCGGCGCAATACGAATGCCCCCGGCCGTCCCTCTTAATCATGGCCTCAGTTCCGAAAACCAACAAAATAGAACCGCGGTCCTATTCCATTATTCCTAGCTGCGGTATCCAGGCGGCTCGGGCCTGCTTTGAACACTCTACTTTTTTCAAAGTAACCGCTTCTGGCCCCGCGGGACCCCCCGCTCACA,Eukaryote
CGAACCTCCGACTTTCGTTCTTGGTTAATGAAAACATTCTTGGCAAATGCTTTCGCTCTGGTCCGTCTTGCGCCGGTCCAAGAATTTCACCTCTAGCGGCGCAATACGAATGCCCCCGGCCGTCCCTCTTAATCATGGCCTCAGTTCCGAAAACCAACAAAATAGAACCGCGGTCCTATTCCATTATTCCTAGCTGCGGTATCCAGGCGGCTCGGGCCTGCTTTGAACACTCTAATTTTTTCAAAGTAAACGCTTCGGGCCCCGCGGGACACTCAGCTAAGG,Eukaryote
TGATCCCCTAACTTTCGTTCTTGATCAATGAAAACATCCTTGGCAAATGCTTTCGCATTAGTTAGTCCTTAATAAATCCAAGAATTTCACCTCTGACTATTAAATACTAATGCCCCCAACTGTCCCTATTAATCATTACTAAATCCAAGAACCAATAAAATGGACCTAGTCCTATTCCATTATTCCATGCAAATGTATACGGGCTAAAACCTGCCTGAAACACTCTAATTTTTTCACAGTAAAATGTCTACTTACTAAGTCGAACCCTAAAAGGCCGTTTTT,Eukaryote
CGATCCCCTAACTTTCGTTCTTGATTAATGAAAACGTCCTTGCCAAATGCTTTCGCATAAGTTAGTCTTGCAGAAATCCAAGAATTTCACCCCTGACACTGCAGTACTAATGGCCCCAACCGTCCCTATTAATCATTACCTCGGTTCAGCTAACCAACAGAAACAGAACCAAGGTCCTATTCTATTATTCCATGCTAATGTATTCAAGCAAACGCCTGCTTTAAACACTCTAATTTTTTCAAAGTAAAAGTCCTAGCTCCCCAAGGCACTCAGTAAAGAGCA,Eukaryote
CGAACCTCCGACTTTCGTTCTTGATTAATGAAAACATTCTTGGCAAATGCTTTCGCTCTGGTCCGTCTTGCGCCGGTCCAAGAATTTCACCTCTAGCGGCGCAATACGAATGCCCCCGGCCGTCCCTCTTAATCATGGCCTCAGTTCCGAAAACCAACAAAATAGAACCGCGGTCCTATTCCATTATTCCTAGCTGCGGTATCCAGGCGGCTCGGGCCTGCTTTGAACCCTCTAATTTTTTCAAAGTAAACGCTTCGGGCCCCGCCGGACACTCAGCTAAGG,Eukaryote
CGATCCCCTAACTTTCGTTCTTGATCAATGAAAGCATCCTTGGCAAATGCTTTCGCAGTCGTTCAAATTACGGCAGCTGCTGGCATCAGACTTGCCCTCTGTCTCTCATACACCTCTGACTCTGCCGACGAAACATCACTTGTATTTCCGGACGGTCGCCGAAATATAAACAAAATCCTAGATCATTATTCCATGCTAATATATTCAAGGCGATTGCCTGCTTTGCACACTCTAATTTTCCCCAAGTAAACGACTCATACCTCATATCAAACCAGTGCAAG,Eukaryote
CGAACCTCCGACTTTCGTTCTTGATTAATGAAAACATTCTTGGCAAATGCTTTCGCTCTGGTCCGTCTTGCGCCGGTCCAAGAATTTCACCTCTAGCGGCGCAATACGAATGCCCCCGGCCGTCCCTCTTAATCATGGCCTCAGTTCCGAAAACCAACAAAATAGAACCGCGGTCCTATTCCATTATTCCTAGCTGCGGTATCCAGGCGGCTCGGGCCTGCTTTGAACACTCTAATTTTTTCAAATTAAACGCTTCGTGCCCCGCGGGACCCCCAGCTAAGA,Eukaryote
CGAACCTCCGACTTTCGTTCTTGATTAATGAAAACATTCTTGGCAAATGCTTTCGCTCTGGTCCGTCTTGCGCCGGTCCAAGAATTTCACCTCTAGCGGCGCCATACGAATGCCCCCGGCCGTCCCTCTTAATCATGGCCTCAGTTCCGAAAACCAACAAAATAGAACCGCGGTCCTATTCCATTATTCCTAGCTGCGGTATCCAGGCGGCTCGGGCCTGCTTTGAACCCTCTAATTTTTTCAAAGTAAAACCTTCGGGCCCCGCGGGACACTCAGCTACG,Eukaryote
CGATCCCCTAACTTTCGTTCTTGATCAATGAAAACATCCTTGGCAAATGCTTTCGCATAAGTCCGTCTTTAACAAATCCAAGGATTTCACCTCTGACAGTTAAATACGAATGCCCCCAACTGTCCCTCTTAATCATTACCTCCGCTCTATAAACCAACAAAATAGAACCGAAGTCCTATCTTATTATTCCATGCTAGTGTATTCAAGGCAAGGGCCTGCTTGATACATCTCTATTTTCTCTAAATAAAAGTCCTGCACACCACACCCCAAAGCCAATTGCAG,Eukaryote
TGATCCCCTAACTTTCGTTCTTGATTAATGAAAACATCTTTGGCAAATGCTTTCGCATTAGTTAGTCCTTAATAAATCCAAGAATTTCACCTCTGACTATTAAATACTAATCCCCCCAACTGTCCCTATTAATCATTACTACATCCAAGAACCAATAAAAAAGCCCTAGTCCTATTCCATAACTCCAAGCTAATGTATACATGCTAAAACCTGCCTGAAACAATCTAATTTTTTCACAGTAAAATGATTACTTACTAAGTCGAACCAGTACAGGCCGAGTTT,Eukaryote
CGATCCCCTAACTTTCGTTCTTGATTAATGAAAACGTCCTTGCCAAATGCTTTCGCATAAGTTAGTCTTGCAGAAATCCAAGAATTTCACCTCTGACACTGCAGTACTAATGGCCCCAACCGTCCCTATTAATCATTACCTCGGTTCAGCTAACCAACAGAAACAGAACCAAGGTCCTATTCTATTATTCCATGCTAATGTATTCAAGCGAATGCCTGCTTTAAACACTCTAATTTTTTCAAAGTAAAAGTCCTAGCTCCCCAAGGCACCAAGTAAAGAGCA,Eukaryote
TGATCCCCTAACTTTCGTTCTTGATTAATGAAAACATCTTTGGCAAATGCTTTCGCATTAGTTAGTCCTTAATAAATCCAAGAATTTCACCTCTGACTATTAAATACTAATGCCCCCAACTGTCCCTATTAATCATTACTAAATCCAAGAACCAATAAAATGGACCTAGTCCTATTCCATTATTCCATGCTAATGTATACGGGCTAAAACCTGCCTGAAACGCTCTAATTTTTTCACAGTAAAATGTCTACTTACTAAGTCGCACCAGTAAAGGACGATTTT,Eukaryote
CGATCCCCTAACTTTCGTTCTTGATTAATGAAAACATCCTTGACAAATGCTTTCGCAGTAGTTAGTCTTTCAGAAATCCAAGAATTTCACCTCTAGCACTGAAATACTAATGTCCCCAACTGTCCCTATTAATCATTACCTTGGTCCTAGAAACCAACAAAATAGAACCAAAATCCTATTTTATTATTCCATGCTAATGTATTCAAGCGTAAGCTTGCTTTGAACACTCTAATTTTTTCAAAGTAAAATTCCTGGTTCTCAGTCCCACCCGTTTAAAGGCAG,Eukaryote
CGATCCCCTAACTTTCGTTCTTGATTAATGAAAACGTCCTTGCCAAATGCTTTCGCATAAGTTAGTCTTGCAGAAATCCAAGAATTTCACCTCTGACACTGCAGTACTAATGGCCCCAACCATCCCTATTAATCATTGCCGCGGTTCAGCCAACCAACAGAAACAGAACCAAGGTCCTATTCGTTTATTCCATGCTACTGTATTCAAGCACATGCCTGATTTAAACCATCTACTTTTTTCCAGATAAAAGTCCTGGTCCCCCAAGGCACTCAGTAAAGAGCA,Eukaryote
CGATCCCCCGACTTTCTTTCTCGATTAATGAAAACATCCTAGGCAAATGCTTTCGCCCGGGCCCGTCTTGCGCCGGACCACGAATTTCACCTCTACCTGCTCATGTCGAATGCCCCTGGCCCTCCCTCTAAATCATTGCTTTATCTCCGTAAAATAACCAAGTTCAGCCCCGGCACATGTCCTTTCGTCCTTGCTGCGGCCACCCGGCGCCCCCGTCCCGTATTCACCACTCCCATTTTTTCAAAATAAGCGCGTCCGGCCCCCCGGGGCCCGCCTACTAAG,Eukaryote
CGATCCCCTACTTTTGGTTCTTGTCAATTAAAACCATATTGGGAAATTGCTTTCCCGGAAGCCCGTTTTTACTAAATCAAGGATTTTAACCCCTGCCTTTAAATACCGATTCCCCCAACTTATCCCAATTAGCCATTACTCCGCCCTAAAAACCAACAAGTTACAGCAAGGGTCCGATATAATTATTCCATGCTACCATGTTCGAGCCATGTCCCCGCCGGAAACACTCTATTTTCCCCAAAGTAAAATTCCTGGCTACCTCCCCCCCCATACACATCCAC,Eukaryote
CGATCCCCTAACTTTCGTTCTTGATTAATGAAAACGTCCTTGCCAAATGCTTTCGCATAAGTTAGTCTTGCAGAAATCCAAGAATTTCACCTCTGACACTGCAGTACTAATGGCCCCAACCGTCCCTATTAATCATTACCTCGGTTCAGCTAACCAACAGAAACAGAACCAAGGTCCTATTCTATTATTCCATGCTAATGTATTCAAGCAAATGCCTGCTTTAAACACTCTGATTTTTTCAAAGTAAAAGTCCTAGCTCCCCAAGGCACTCAGTAAAGAGCA,Eukaryote
CGATCCCCCAACTTTCGTTCTTGATAAAAGAAGACATCCTTGCCGAATGCTTTCGCAGAAGTTTGTCTTCAACGAATCCAAGAATTTCACCTCTGGCTGTTGAATACAAACACCCCCAACTGTCTCTATCAATCATTACTTCAGTTACAAAAACCAACAAAATAAAACCGAAGTCCTTTCTTATTATTCCATGCTAACTTATTCAAGGCATGTGACTTGTTTTGAAACCATTATTTTTCCAAAATAAATGTATCAGTACCTCGACACTACCAAATTCATGAA,Eukaryote
CGATCCCCTAACTTTCGTTCTTGATTAATGAAAACGTCCTTGCCAAATGCTTTCGCATAAGTTAGTCTTGCAGAAATCCAAGAATTTCACCTCTGACATTGCAGTACTAATGGCCCCAACCGTCCCTATTAATCATTACCTCGGTTCAGCTAACCAACAGAAACAGAACCAAGGTCCTATTCTATTATTCCATGCTAATGTATTCAAGCAAATGCCTGCTTTAAACACTCTAATTTTTTCAAAGTAAAAGTCCTAGCTCCCCAAGGCACTCAGTAAAGAGCA,Eukaryote
